{
    "x": [
        -96.52499389648438,
        96.52499389648438,
        -96.75,
        95.17499542236328,
        93.14999389648438
    ],
    "y": [
        96.75,
        -95.8499984741211,
        -95.62499237060547,
        95.62499237060547,
        -92.24999237060547
    ],
    "z": [
        190.0,
        190.0,
        190.0,
        190.0,
        190.0
    ]
}