{
    "x": [
        0.44999998807907107,
        0.22499999403953553,
        96.29999542236328,
        0.22499999403953553,
        -95.39999389648438,
        -10.574999809265137
    ],
    "y": [
        0.6749999523162842,
        95.62499237060547,
        0.8999999761581421,
        -95.62499237060547,
        0.8999999761581421,
        0.44999998807907107
    ],
    "z": [
        190.0,
        190.0,
        190.0,
        190.0,
        190.0,
        190.0
    ]
}