{
    "x": [
        96.07499694824219,
        -96.07499694824219,
        95.17499542236328,
        94.94999694824219,
        -96.29999542236328
    ],
    "y": [
        95.8499984741211,
        94.94999694824219,
        -94.49999237060547,
        94.27499389648438,
        -94.7249984741211
    ],
    "z": [
        190.0,
        190.0,
        190.0,
        190.0,
        190.0
    ]
}