{
    "x": [
        0.0,
        0.0,
        -95.17499542236328,
        0.22499999403953553,
        95.62499237060547,
        11.25
    ],
    "y": [
        0.44999998807907107,
        -94.94999694824219,
        0.6749999523162842,
        96.07499694824219,
        1.125,
        0.44999998807907107
    ],
    "z": [
        190.0,
        190.0,
        190.0,
        190.0,
        190.0,
        190.0
    ]
}