{
    "x": [
        -96.29999542236328,
        95.62499237060547,
        -95.62499237060547,
        -96.07499694824219,
        95.8499984741211
    ],
    "y": [
        -95.8499984741211,
        -95.17499542236328,
        95.62499237060547,
        -92.69999694824219,
        95.8499984741211
    ],
    "z": [
        190.0,
        190.0,
        190.0,
        190.0,
        190.0
    ]
}