{
    "x": [
        95.17499542236328,
        95.62499237060547,
        -94.94999694824219,
        91.57499694824219,
        -96.07499694824219
    ],
    "y": [
        -94.7249984741211,
        94.94999694824219,
        -95.17499542236328,
        -94.7249984741211,
        96.75
    ],
    "z": [
        190.0,
        190.0,
        190.0,
        190.0,
        190.0
    ]
}