{
    "x": [
        0.22499999403953553,
        96.07499694824219,
        0.44999998807907107,
        -95.8499984741211,
        0.44999998807907107,
        0.44999998807907107
    ],
    "y": [
        0.6749999523162842,
        0.6749999523162842,
        96.07499694824219,
        0.6749999523162842,
        -96.75,
        -10.124999046325684
    ],
    "z": [
        190.0,
        190.0,
        190.0,
        190.0,
        190.0,
        190.0
    ]
}