{
    "x": [
        0.22499999403953553,
        -94.27499389648438,
        -0.22499999403953553,
        96.07499694824219,
        0.22499999403953553,
        0.0
    ],
    "y": [
        0.44999998807907107,
        1.125,
        -95.8499984741211,
        0.6749999523162842,
        96.52499389648438,
        13.049999237060547
    ],
    "z": [
        190.0,
        190.0,
        190.0,
        190.0,
        190.0,
        190.0
    ]
}