{
    "x": [
        -96.07499694824219,
        -95.8499984741211,
        95.17499542236328,
        -93.14999389648438,
        94.49999237060547
    ],
    "y": [
        95.17499542236328,
        -94.04999542236328,
        96.29999542236328,
        95.8499984741211,
        -95.8499984741211
    ],
    "z": [
        190.0,
        190.0,
        190.0,
        190.0,
        190.0
    ]
}